Fragment_ID,Fragment_Name,Type,Source_File,Source_Snippet,Repurpose_Targets,How_To_Use,Originality_Tag,Notes
FRAG-001,IMRaD Paper Structure,Method,Mishra D. The Art and Science of Writing a Scientific Paper 2023.pdf,"Scientific paper structure emphasizing Introduction, Methods, Results, Discussion.","Biotech, Business, Gov",Template every scientific/business report to IMRaD for clarity and credibility.,To_Check,Use for lab-grade deliverables; cite Mishra 2023.
FRAG-002,Inline Citation Discipline,Fundamental,Mishra D. The Art and Science of Writing a Scientific Paper 2023.pdf,Citations embedded adjacent to claims to maintain provenance.,All,Attach source locator per claim in deliverables; auto-generate reference list.,To_Check,Pairs with DPP provenance.
FRAG-003,Graphical Abstract Standard,Design,Mishra D. The Art and Science of Writing a Scientific Paper 2023.pdf,Single-figure summary of core result for fast comprehension.,"Biotech, Business, Gov",Generate one-slide graphic per deliverable summarizing objective→method→result.,To_Check,Boosts credibility/readability.
FRAG-004,Biotech Objects Taxonomy,Fundamental,Syman K. Objects of Biotechnology 2019.pdf,"Objects of biotechnology: viruses, bacteria, fungi, plant & animal cells, organelles.",Biotech,Use taxonomy to specify target object in each biotech run; improves method selection.,To_Check,Select object → method preset.
FRAG-005,Mitochondrial Energy Context,Fundamental,Syman K. Fundamentals of Biotechnology. Lecture Course 2019.pdf,Mitochondria supply cells with energy via oxidation.,Biotech,"Anchor cellular interventions to energy context when relevant (e.g., metabolism studies).",To_Check,Pairs with effect-size expectations.
FRAG-006,Environmental Protection Angle,Fundamental,Syman K. Fundamentals of Biotechnology. Lecture Course 2019.pdf,"Biotechnology framed for environmental problems (water, air).","Biotech, Gov, Business",Add eco-health alignment paragraph to proposals; improves grant fit.,To_Check,Supports IHS mission.
FRAG-007,3–5 Variable Weighted Model,Math,"Liu G. Numbers and Functions. Theory, Formulation, and Python Codes 2024.pdf","Normalize variables to [0,1], apply weights summing to 1.",All,Default scoring model across sectors (UPAMS).,To_Check,"Simple, explainable."
FRAG-008,Logistic Survival Function,Math,"Liu G. Numbers and Functions. Theory, Formulation, and Python Codes 2024.pdf",P = 1/(1+exp(-(β0+Σβ_i x_i))).,Business,Estimate startup survival probability; gate Business Kits.,To_Check,Threshold: Go ≥ 70%.
FRAG-009,Confidence Interval via Bootstrap,Math,"Liu G. Numbers and Functions. Theory, Formulation, and Python Codes 2024.pdf",Nonparametric resampling for CI around statistic.,"Trading, Sports, Biotech",Wrap metrics in 95% CI via bootstrap; disclose seed and n_boot.,To_Check,Pairs with SDP.
FRAG-010,What-If Simulation Matrix,Method,Miraz M. Python for Business Analytics...for Strategic Decision-Making 2025.pdf,Scenario grid evaluating outcomes under parameter changes.,"Business, Gov",Run parameter sweeps (QMC) and summarize in decision tables.,To_Check,Improves executive decisions.
FRAG-011,Cost–Benefit Sensitivity,Method,Miraz M. Python for Business Analytics...2025.pdf,Identify most sensitive variables affecting ROI.,"Business, Gov",Include tornado chart or sensitivity table in Business Kits.,To_Check,Connect to TAP monetization.
FRAG-012,Reproducible Seed Protocol,Dev,The_Complete_Python_Coding_Manual_Ed23_2024.pdf,Set fixed random seeds in all simulations; log in output.,All,Record `seed` in deliverables; enables reproducibility & audit.,To_Check,Security/compliance friendly.
FRAG-013,Modular Script Layout,Dev,The_Complete_Python_Coding_Manual_Ed23_2024.pdf,"Functions for data load, model, simulate, validate, export.",All,Structure run scripts in standard modules to reduce errors.,To_Check,Aligns with System Foundations.
FRAG-014,Hash & Timestamp Manifest,Security,Austin T. DIY Digital Security for Small Business Owners...2025.pdf,SHA-256 hash each artifact; store timestamp and signer.,All,Publish Manifest.json with hashes for every deliverable.,To_Check,Supports chain-of-custody.
FRAG-015,Least-Privilege Data Access,Security,Austin T. DIY Digital Security for Small Business Owners...2025.pdf,Restrict access by role to sensitive files.,Business,Apply access tiers for client data in Business Kits.,To_Check,Protects credibility.
FRAG-016,Natural Polymer Use-Cases,Fundamental,Verma S. Advanced Energy Materials...2025.pdf,Natural polymers in renewable/eco materials.,"Business, Gov",Add eco-material recommendations in proposals for credibility.,To_Check,Health/eco alignment.
FRAG-017,Lifecycle Impact Note,Method,Verma S. Advanced Energy Materials...2025.pdf,Assess environmental impact across lifecycle.,"Business, Gov",Add brief LCA-style note to government proposals.,To_Check,Improves grant chances.
FRAG-018,Municipal Profile Hook,Logistics,GFL_Environmental_Raleigh_Profile.pdf,"City profile fields: population, services, environmental metrics.","Gov, Business",Use profile fields as a template for any city proposal intake.,To_Check,Speeds proposal prep.
FRAG-019,Statistical Analyses Section,Method,s12916-025-04309-2.pdf,"Explicit 'Statistical analyses' section with software noted (e.g., R).",Biotech,Add named software + version in Methods; improves reproducibility.,To_Check,Common peer expectation.
FRAG-020,Joinpoint Trend Analysis,Method,s12916-025-04309-2.pdf,Trend evaluation via Joinpoint regression.,"Biotech, Gov",Use when modeling time trends in health outcomes.,To_Check,Document parameters.
FRAG-021,History-to-Method Bridge,Method,Syman K. Fundamentals of Biotechnology. Lecture Course 2019.pdf,Introduce brief history then state modern method choice.,Biotech,Add 2–3 line context before method to aid reviewers.,To_Check,Improves readability.
FRAG-022,Figure & Table Numbering Standard,Design,Mishra D. The Art and Science of Writing a Scientific Paper 2023.pdf,"Consistent numbering, captions with methods and sample sizes.","Biotech, Business","Enforce captions with n, CI, model name.",To_Check,Boosts reviewer trust.
FRAG-023,UPAMS Band Labels,Design,Liu G. Numbers and Functions...2024.pdf,"Bands: 0–20 very weak, 21–40 weak, 41–60 moderate, 61–80 strong, 81–100 very strong.",All,Display band label next to each probability.,To_Check,Plain-language clarity.
FRAG-024,Go/Revise/Hold Gate,Method,Miraz M. Python for Business Analytics...2025.pdf,Decision gate driven by thresholds.,All,Auto-assign gate based on cutoffs per sector.,To_Check,Reduces decision fatigue.
FRAG-025,Originality Scan Step,Governance,Mishra D. The Art...2023.pdf,Pre-release literature/patent scan to avoid duplication.,All,Tag output Unique/Similar/Duplicate; route monetization accordingly.,To_Check,Protects IP.
FRAG-026,Inline Simulation Disclosure,Governance,Liu G. Numbers and Functions...2024.pdf,Mark simulated or substituted values within text.,All,"Use footnote: model, n_iter, seed, CI.",To_Check,Airtight credibility.
FRAG-027,Seeded QMC for Coverage,Math,Liu G. Numbers and Functions...2024.pdf,Sobol/LHS sampling to improve coverage with fewer runs.,"Business, Biotech",Use scipy.stats.qmc; store scramble seed.,To_Check,Efficient sensitivity.
