step,name,purpose,inputs,math_model,science_checks,technical_process,outputs
1,Intake (TAP Speak),Capture your plain-language ask and translate to sector + run type.,TAP_Speak.csv; your message,Intent classification → sector/run via rule mapping,N/A,Parse → 4Q profile fields pre-filled,"Run Profile (sector, run_type, focus, inputs_hint)"
2,Pre-Go 4Q Profile,Lock the 4 key fields before computation.,Sector; Run Type; Focus; Inputs,Validation: completeness check; constraints,N/A,Profile stored; timestamped,Profile.json entry
3,Input Assembly,Collect datasets/books/frameworks; log provenance.,IHS_Master_Reference_Set.*; user files; optional web refs,"Source weighting (books 0.75, papers 0.85, datasets 0.90, frameworks 0.95)",Check peer-reviewed vs web; prefer primary sources,Create Source Ledger; compute SHA-256 hashes,Source_Ledger.csv; Provenance.json
4,Model Selection,Pick the math model appropriate to sector.,Sector defaults + frameworks,"3–5 variable weighted score S = Σ w_i x_i; normalize to [0,1]",For biotech: method outline per paper; For business: finance sanity bounds,Record model config in run JSON,Model_Config.json
5,Computation & Simulation,Run the model to produce raw scores.,Prepared dataset; model config,Examples: Expectancy E = p_win*avg_win − p_loss*avg_loss; Survival P=σ(β0+Σβ_i x_i),"Cross-check units, ranges, sample size notes",Intermediate artifacts stored; versioned,Raw_Scores.csv/JSON
6,Scientific/Financial Validation,Validate against known literature/finance rules.,Biotech papers; Psychology of Money; Accounting CSV,Threshold tests; sensitivity ΔS/Δx_i ≤ bounds,Novelty categories: New / Variant / Reinforcement,Record validation notes with citations,Validation_Report.md
7,Credibility Gatekeeper (SCMS),Score the 6 layers and compute DCI.,"Security, Math, Science, Finance, Philosophy, Business layers",DCI = 0.30*Math + 0.30*Science + 0.20*Finance + 0.10*Business + 0.05*Philosophy + 0.05*Security,Layer thresholds: Math/Phil ≥80; Sci/Fin/Bus ≥70; Security=hash match,Compute DCI; assign Green/Yellow/Red,Credibility_Scorecard.csv
8,Deliverable Assembly,"Format per profession (paper, kit, report, proposal, formula).",Profile + Raw scores + Validation + Scorecard,UPAMS mapping: band via quantiles; margin of error via bootstrap/CI if available,Method section includes references & novelty tag,Render PDF/CSV/JSON; apply hash + timestamp,Deliverable files
9,Professional Readout,TAP + Basketball summary for who/what/why/how.,Deliverable + Scorecard,N/A (readout is descriptive; references scorecard),Quality statement uses DCI band; usage steps = 5-step procedural,Write to timeline log,Timeline_Log.csv row
10,Post-Log & Extra Insights,Store chain-of-custody; capture cross-sector insights.,All artifacts,Cross-correlation tags; trend drift trackers,Attach unused but valuable stats/notes,Hash + timestamp all outputs,Extra_Insights.json; final log
